Unnamed: 0,League,Team,Name,Age,Market Value,Matches Played,Minutes,Matches Started,Goals Scored,Goals Scored (Per90),Goal Involvement,Goal Involvement (Per90),Expected Goals (xG),Expected Goals (xG) (Per90),Non-Penalty xG (npxG),Goals Conceded,Clean Sheets,Tackles,Tackles (Per90),Interceptions,Interceptions (Per90),Clearances,Clearances (Per90),Shots Blocked,Shots Blocked (Per90),Dribbled Past,Dribbled Past (Per90),Penalties Given Away,Penalties Given Away (Per90),Ground Duels,Ground Duels (Per90),Ground Duels Won,Ground Duels Won (Per90),Aerial Duels Won,Aerial Duels Won (Per90),Assists,Assists (Per90),Expected Assists (xA),Expected Assists (xA) (Per90),Passes,Passes (Per90),Successful Passes,Successful Passes (Per90),Pass Completion Rate,Key Passes,Key Passes (Per90),Crosses,Crosses (Per90),Successful Crosses,Successful Crosses (Per90),Cross Completion Rate,Dribbles,Dribbles (Per90),Successful Dribbles,Successful Dribbles (Per90),Dribble Success Rate,Dispossesed,Dispossesed (Per90),Offsides,Offsides (Per90),Yellow Cards,Red Cards,Total Cards,Total Cards (Per90),Fouls Committed,Fouls Committed (Per90),Fouled Against,Fouled Against (Per90),Annual Salary,Shots Faced,Shots Faced (Per90),Shot Conversion Rate,Shots Taken,Shots Taken (Per90),Shots On Target,Shots On Target (Per90),Shots Off Target,Shots Off Target (Per90),Shot Accuracy,Shots Per Goal Scored,Position,Tactical_Role,Poacher_Score,Target Man_Score,False Nine_Score,Performance_Score_Raw,Performance_Score,Rank,Value_Norm,Age_Norm,Value_Score,Value_Rank
346,premier-league,Brentford FC,Igor Thiago,24,50000000.0,32,2747,31,21,0.69,22,0.72,19.23,0.63,13.63,38,8,28,0.92,9,0.29,54,1.77,5,0.16,12,0.39,0,0.0,432,14.15,170,5.57,96,3.15,1,0.03,2.11,0.07,535,17.53,372,12.19,0.6953,20,0.66,14,0.46,6,0.2,0.4286,43,1.41,24,0.79,0.5581,35,1.15,19,0.62,6,0,6,0.2,60,1.97,22,0.72,3770000.0,67,4.19,23.53,5,0.64,5,0.25,8,0.31,35.29,0.0,Centre-Forward,Poacher,83.15315315315314,68.55855855855856,38.15315315315316,63.37414470045297,63.37414470045297,3,0.24887330996494741,0.17647058823529413,52.378533636798664,1
991,la-liga,Deportivo Alavés,Lucas Boyé,30,5000000.0,25,1796,19,11,0.55,12,0.6,11.5,0.58,9.4,21,3,32,1.6,7,0.35,15,0.75,5,0.25,14,0.7,0,0.0,349,17.49,133,6.66,30,1.5,1,0.05,2.02,0.1,380,19.04,276,13.83,0.7263,24,1.2,9,0.45,1,0.05,0.1110999999999999,74,3.71,38,1.9,0.5135000000000001,59,2.96,9,0.45,3,1,3,0.15,52,2.61,34,1.7,2080000.0,67,4.19,10.0,17,0.72,1,0.22,11,0.6,35.29,0.0,Centre-Forward,Poacher,73.06306306306307,58.198198198198206,61.48648648648649,59.50548676271566,59.50548676271566,4,0.023535302954431646,0.5294117647058824,48.21119237996507,2
992,la-liga,Deportivo Alavés,Toni Martínez,28,4000000.0,30,2138,25,8,0.34,11,0.46,10.56,0.44,10.56,30,2,24,1.01,4,0.17,31,1.3,2,0.08,6,0.25,0,0.0,402,16.91,206,8.67,135,5.68,3,0.13,3.12,0.13,523,22.01,312,13.13,0.5966,19,0.8,12,0.5,3,0.13,0.25,35,1.47,17,0.72,0.4857,31,1.3,11,0.46,1,0,1,0.04,35,1.47,31,1.3,1150000.0,67,4.19,23.53,15,0.72,1,0.29,13,0.53,35.29,0.0,Centre-Forward,Target Man,59.41441441441441,85.94594594594595,54.7972972972973,52.586435155276725,52.586435155276725,9,0.018527791687531298,0.4117647058823529,43.79530728700373,3
109,premier-league,Liverpool FC,Hugo Ekitiké,23,90000000.0,28,1811,21,11,0.55,15,0.75,11.24,0.56,11.24,20,8,11,0.55,4,0.2,26,1.29,3,0.15,3,0.15,0,0.0,232,11.53,89,4.42,31,1.54,4,0.2,3.8,0.19,403,20.03,309,15.36,0.7667,21,1.04,7,0.35,1,0.05,0.1429,69,3.43,36,1.79,0.5217,25,1.24,11,0.55,0,0,0,0.0,35,1.74,12,0.6,15080000.0,67,4.19,0.0,15,0.72,6,0.22,8,0.41,33.33,0.0,Centre-Forward,False Nine / Poacher,72.25225225225225,47.612612612612615,72.63513513513513,59.46450640209671,59.46450640209671,5,0.44917376064096143,0.11764705882352941,43.63635240639728,4
892,la-liga,CA Osasuna,Ante Budimir,34,3000000.0,30,2371,28,16,0.61,16,0.61,15.84,0.6,10.94,29,7,20,0.76,5,0.19,35,1.33,6,0.23,5,0.19,0,0.0,316,11.99,150,5.69,97,3.68,0,0.0,0.75,0.03,337,12.79,202,7.67,0.5993999999999999,12,0.46,3,0.11,0,0.0,0.0,14,0.53,2,0.08,0.1429,25,0.95,20,0.76,1,0,1,0.04,41,1.56,32,1.21,3900000.0,67,4.19,6.67,17,0.82,6,0.25,8,0.53,33.33,4.25,Centre-Forward,Target Man / Poacher,79.45945945945945,81.44144144144144,12.657657657657658,56.49280744659178,56.49280744659178,6,0.013520280420630946,0.7647058823529411,40.793081386914025,5
577,la-liga,FC Barcelona,Ferran Torres,26,50000000.0,28,1685,20,14,0.75,15,0.8,13.75,0.73,13.75,16,11,7,0.37,3,0.16,8,0.42,1,0.05,7,0.37,0,0.0,110,5.82,49,2.59,24,1.27,1,0.05,2.07,0.11,362,19.15,270,14.29,0.7459,20,1.06,2,0.11,1,0.05,0.5,19,1.01,7,0.37,0.3684,16,0.85,8,0.42,2,0,2,0.11,9,0.48,13,0.69,13000000.0,67,4.19,0.0,17,0.82,5,0.08,8,0.53,35.29,12.0,Centre-Forward,Poacher,74.54954954954954,39.5045045045045,55.00000000000001,53.25358659359042,53.25358659359042,7,0.24887330996494741,0.29411764705882354,39.905034353465524,6
625,la-liga,Villarreal CF,Georges Mikautadze,25,28000000.0,26,1734,19,9,0.47,14,0.73,9.69,0.5,9.69,23,5,4,0.21,5,0.26,7,0.36,1,0.05,2,0.1,0,0.0,175,9.08,80,4.15,10,0.52,5,0.26,4.33,0.22,310,16.09,225,11.68,0.7258,23,1.19,13,0.67,4,0.21,0.3077,56,2.91,27,1.4,0.4821,26,1.35,2,0.1,1,0,1,0.05,12,0.62,40,2.08,5725000.0,67,4.19,6.67,12,0.64,5,0.29,18,0.31,13.33,4.25,Centre-Forward,False Nine / Poacher,70.18018018018019,25.225225225225223,72.83783783783784,48.14164385746456,48.14164385746456,14,0.1387080620931397,0.23529411764705882,39.27451964172919,7
736,la-liga,Celta de Vigo,Borja Iglesias,33,3000000.0,28,1557,17,11,0.64,13,0.75,10.21,0.59,8.11,20,6,7,0.4,0,0.0,16,0.92,5,0.29,9,0.52,0,0.0,146,8.44,59,3.41,18,1.04,2,0.12,2.45,0.14,388,22.43,282,16.3,0.7268000000000001,17,0.98,3,0.17,0,0.0,0.0,22,1.27,12,0.69,0.5455,25,1.45,19,1.1,6,0,6,0.35,32,1.85,23,1.33,3650000.0,67,4.19,10.0,12,0.63,6,0.25,13,0.6,16.67,4.25,Centre-Forward,Poacher,80.63063063063063,30.0,61.37387387387388,53.0344496374874,53.0344496374874,8,0.013520280420630946,0.7058823529411765,38.51119416604494,8
472,premier-league,Leeds United,Dominic Calvert-Lewin,29,22000000.0,28,2120,23,10,0.42,11,0.47,10.71,0.45,8.61,26,5,10,0.42,2,0.08,27,1.15,5,0.21,4,0.17,0,0.0,355,15.07,138,5.86,92,3.91,1,0.04,1.67,0.07,322,13.67,198,8.41,0.6149,17,0.72,8,0.34,1,0.04,0.125,28,1.19,8,0.34,0.2857,24,1.02,22,0.93,1,0,1,0.04,33,1.4,30,1.27,7540000.0,67,4.19,23.53,15,0.75,1,0.25,11,0.41,35.29,5.0,Centre-Forward,Target Man,61.44144144144145,79.81981981981981,31.283783783783782,50.41305513158077,50.41305513158077,11,0.10866299449173761,0.47058823529411764,37.741400590946284,9
762,la-liga,Valencia CF,Hugo Duro,26,12000000.0,30,1647,18,9,0.49,9,0.49,7.78,0.42,7.08,24,8,13,0.71,4,0.22,19,1.03,6,0.33,11,0.6,0,0.0,213,11.57,87,4.73,40,2.17,0,0.0,1.01,0.05,339,18.41,243,13.2,0.7168000000000001,15,0.81,1,0.05,0,0.0,0.0,15,0.81,3,0.16,0.2,8,0.43,5,0.27,5,0,5,0.27,16,0.87,32,1.74,5212500.0,67,4.19,23.53,17,0.82,1,0.22,13,0.17,33.33,5.0,Centre-Forward,Target Man / Poacher,60.94594594594594,65.22522522522523,37.004504504504496,45.33620197859272,45.33620197859272,16,0.058587881822734104,0.29411764705882354,37.696212582734226,10
916,la-liga,RCD Mallorca,Vedat Muriqi,31,4500000.0,30,2507,29,21,0.75,22,0.79,19.85,0.71,14.95,40,4,8,0.29,3,0.11,50,1.79,5,0.18,6,0.22,0,0.0,372,13.35,194,6.96,123,4.42,1,0.04,2.02,0.07,557,20.0,355,12.74,0.6373,15,0.54,3,0.11,1,0.04,0.3333,24,0.86,14,0.5,0.5832999999999999,37,1.33,12,0.43,4,1,5,0.18,31,1.11,54,1.94,5210000.0,67,4.19,0.0,23,0.92,2,0.22,4,0.6,13.33,10.0,Centre-Forward,Target Man,82.7927927927928,91.8018018018018,31.84684684684685,49.18034023318237,49.18034023318237,13,0.02103154732098147,0.5882352941176471,36.78468793119998,11
969,la-liga,Elche CF,Álvaro Rodríguez,21,5000000.0,27,1721,19,5,0.26,9,0.47,6.94,0.36,6.94,28,4,15,0.78,3,0.16,20,1.05,1,0.05,8,0.42,1,0.05,352,18.41,174,9.1,95,4.97,4,0.21,3.94,0.21,412,21.55,267,13.96,0.6481,28,1.46,9,0.47,3,0.16,0.3333,60,3.14,28,1.46,0.4667,33,1.73,16,0.84,1,0,1,0.05,27,1.41,36,1.88,1050000.0,67,4.19,6.67,5,0.75,2,0.2,11,0.53,20.0,15.0,Centre-Forward,Target Man,44.36936936936937,87.56756756756756,78.94144144144144,36.39739716984388,36.39739716984388,24,0.023535302954431646,0.0,35.69133808121093,12
553,la-liga,Real Madrid,Kylian Mbappé,27,200000000.0,26,2234,25,23,0.93,27,1.09,23.76,0.96,17.46,19,11,3,0.12,3,0.12,0,0.0,0,0.0,8,0.32,0,0.0,216,8.7,104,4.19,6,0.24,4,0.16,6.06,0.24,848,34.16,739,29.77,0.8715,57,2.3,25,1.01,6,0.24,0.24,122,4.91,65,2.62,0.5328,38,1.53,26,1.05,4,0,4,0.16,11,0.44,30,1.21,71670000.0,67,4.19,10.0,17,0.82,2,0.08,11,0.31,33.33,12.0,Centre-Forward,False Nine,79.63963963963964,30.180180180180184,92.77027027027027,71.94871215847645,71.94871215847645,1,1.0,0.35294117647058826,34.889888629064686,13
158,premier-league,Manchester United,Matheus Cunha,26,70000000.0,27,2050,24,7,0.31,9,0.4,9.75,0.42,9.75,26,5,33,1.43,16,0.69,17,0.74,3,0.13,15,0.65,0,0.0,306,13.27,143,6.2,27,1.17,2,0.09,3.25,0.14,733,31.79,587,25.46,0.8008,26,1.13,43,1.87,9,0.39,0.2092999999999999,80,3.47,37,1.6,0.4625,49,2.13,2,0.09,1,0,1,0.04,18,0.78,48,2.08,12064000.0,67,4.19,0.0,5,0.39,1,0.29,11,0.72,33.33,4.25,Centre-Forward,False Nine,56.84684684684685,46.62162162162162,72.47747747747748,50.19619355119579,50.19619355119579,12,0.34902353530295444,0.29411764705882354,33.843134550930685,14
321,premier-league,Brighton & Hove Albion,Danny Welbeck,35,4000000.0,31,1903,21,12,0.57,12,0.57,11.09,0.52,8.99,20,7,19,0.9,8,0.38,24,1.13,1,0.05,11,0.52,0,0.0,148,7.0,52,2.46,18,0.85,0,0.0,1.21,0.06,420,19.85,334,15.79,0.7951999999999999,19,0.9,3,0.14,1,0.05,0.3333,23,1.09,8,0.38,0.3478,19,0.9,4,0.19,5,0,5,0.24,23,1.09,8,0.38,3564600.0,67,4.19,20.0,17,0.82,1,0.22,8,0.31,33.33,15.0,Centre-Forward,Poacher,72.2972972972973,31.306306306306308,42.83783783783783,50.808844506586695,50.808844506586695,10,0.018527791687531298,0.8235294117647058,33.78242252066664,15
680,la-liga,Real Sociedad,Mikel Oyarzabal,28,25000000.0,27,2275,26,12,0.47,15,0.59,13.08,0.52,9.58,34,3,21,0.83,3,0.12,22,0.87,3,0.12,17,0.67,0,0.0,273,10.8,114,4.51,32,1.27,3,0.12,4.02,0.16,612,24.21,464,18.36,0.7582,37,1.46,15,0.59,1,0.04,0.0667,48,1.9,27,1.07,0.5625,40,1.58,12,0.47,2,0,2,0.08,18,0.71,37,1.46,7825000.0,67,4.19,23.53,5,0.39,6,0.29,11,0.56,13.33,15.0,Centre-Forward,False Nine / Poacher,71.12612612612612,39.27927927927928,75.96846846846847,45.477492079632796,45.477492079632796,15,0.12368552829243866,0.4117647058823529,33.53163211321258,16
25,premier-league,Manchester City,Erling Haaland,25,200000000.0,30,2510,29,22,0.79,29,1.04,21.9,0.79,19.1,26,12,15,0.54,5,0.18,34,1.22,1,0.04,2,0.07,0,0.0,209,7.49,113,4.05,67,2.4,7,0.25,5.5,0.2,315,11.29,207,7.42,0.6570999999999999,21,0.75,3,0.11,1,0.04,0.3333,25,0.9,12,0.43,0.48,20,0.72,4,0.14,1,0,1,0.04,20,0.72,22,0.79,52780000.0,67,4.19,5.88,17,0.82,6,0.29,8,0.56,21.74,15.0,Centre-Forward,Poacher,91.17117117117115,59.45945945945946,51.53153153153153,68.07302350302906,68.07302350302906,2,1.0,0.23529411764705882,33.36714115008789,17
818,la-liga,Sevilla FC,Isaac Romero,25,5000000.0,23,1876,22,4,0.19,5,0.24,3.65,0.18,3.65,29,5,58,2.78,31,1.49,93,4.46,15,0.72,11,0.53,0,0.0,231,11.08,152,7.29,71,3.41,1,0.05,3.5,0.17,1122,53.83,980,47.01,0.8734000000000001,13,0.62,1,0.05,0,0.0,0.0,9,0.43,7,0.34,0.7778,7,0.34,1,0.05,12,2,13,0.62,32,1.54,16,0.77,11584950.0,67,4.19,23.53,17,0.82,6,0.29,11,0.53,35.29,4.25,Centre-Forward,Target Man,41.98198198198199,83.69369369369369,59.59459459459458,37.46782499543754,37.46782499543754,20,0.023535302954431646,0.23529411764705882,32.05588355386342,18
943,la-liga,Levante UD,Iván Romero,25,7500000.0,23,1876,22,4,0.19,5,0.24,3.65,0.18,3.65,29,5,58,2.78,31,1.49,93,4.46,15,0.72,11,0.53,0,0.0,231,11.08,152,7.29,71,3.41,1,0.05,3.5,0.17,1122,53.83,980,47.01,0.8734000000000001,13,0.62,1,0.05,0,0.0,0.0,9,0.43,7,0.34,0.7778,7,0.34,1,0.05,12,2,13,0.62,32,1.54,16,0.77,11584950.0,67,4.19,23.53,17,0.82,6,0.29,11,0.53,35.29,4.25,Centre-Forward,Target Man,41.98198198198199,83.69369369369369,59.59459459459458,37.46782499543754,37.46782499543754,20,0.03605408112168253,0.23529411764705882,31.680320208845888,19
841,la-liga,RCD Espanyol Barcelona,Roberto Fernández,23,10000000.0,31,1952,20,6,0.28,8,0.37,7.41,0.34,6.71,28,8,8,0.37,5,0.23,21,0.97,4,0.18,9,0.41,0,0.0,270,12.45,95,4.38,46,2.12,2,0.09,2.17,0.1,292,13.46,203,9.36,0.6951999999999999,16,0.74,9,0.41,1,0.05,0.1110999999999999,23,1.06,9,0.41,0.3913,30,1.38,6,0.28,3,0,3,0.14,31,1.43,35,1.61,1250000.0,67,4.19,8.33,6,0.72,6,0.12,11,0.41,35.29,12.0,Centre-Forward,Target Man,42.61261261261261,54.14414414414415,38.648648648648646,33.42660441254927,33.42660441254927,29,0.0485728592889334,0.11764705882352941,29.616477457410678,20
294,premier-league,AFC Bournemouth,Evanilson,26,35000000.0,30,2297,26,6,0.24,7,0.27,8.41,0.33,8.41,32,8,7,0.27,3,0.12,23,0.9,4,0.16,10,0.39,0,0.0,231,9.05,86,3.37,39,1.53,1,0.04,2.06,0.08,383,15.01,290,11.36,0.7572,25,0.98,3,0.12,0,0.0,0.0,29,1.14,14,0.55,0.4828,34,1.33,24,0.94,1,0,1,0.04,20,0.78,28,1.1,6409000.0,67,4.19,23.53,6,0.82,2,0.22,11,0.17,35.29,5.0,Centre-Forward,Target Man / Poacher,44.5045045045045,46.26126126126127,43.58108108108108,40.086465994282335,40.086465994282335,17,0.17376064096144217,0.29411764705882354,28.9912938242626,21
655,la-liga,Athletic Bilbao,Gorka Guruzeta,29,5000000.0,28,1829,22,7,0.34,8,0.39,9.05,0.45,8.35,22,5,12,0.59,9,0.44,15,0.74,2,0.1,12,0.59,0,0.0,279,13.74,103,5.07,56,2.76,1,0.05,1.72,0.08,389,19.16,265,13.05,0.6812,19,0.94,8,0.39,2,0.1,0.25,31,1.53,8,0.39,0.2581,16,0.79,9,0.44,5,1,5,0.25,39,1.92,28,1.38,2600000.0,67,4.19,5.88,5,0.72,2,0.29,8,0.31,20.0,15.0,Centre-Forward,Target Man,60.09009009009009,65.94594594594595,44.68468468468468,38.71918482086513,38.71918482086513,18,0.023535302954431646,0.47058823529411764,28.601361026349828,22
817,la-liga,Sevilla FC,Akor Adams,26,12000000.0,26,1773,18,8,0.41,12,0.61,9.75,0.5,7.65,31,4,5,0.26,0,0.0,21,1.08,3,0.15,2,0.1,0,0.0,203,10.44,77,3.96,51,2.62,4,0.2,3.05,0.16,301,15.48,196,10.08,0.6512,10,0.51,16,0.82,1,0.05,0.0625,20,1.03,12,0.62,0.6,30,1.54,38,1.95,1,0,1,0.05,26,1.34,10,0.51,2350000.0,67,4.19,0.0,6,0.75,2,0.08,8,0.53,20.0,10.0,Centre-Forward,Target Man,52.07207207207208,57.11711711711711,41.84684684684685,34.958326459935975,34.958326459935975,26,0.058587881822734104,0.29411764705882354,27.318337064077483,23
917,la-liga,RCD Mallorca,Mateo Joseph,22,3500000.0,29,1704,19,2,0.11,5,0.26,4.06,0.21,4.06,27,3,29,1.53,14,0.74,24,1.27,4,0.21,16,0.85,0,0.0,216,11.41,86,4.54,10,0.53,3,0.16,2.81,0.15,303,16.0,247,13.05,0.8151999999999999,14,0.74,15,0.79,5,0.26,0.3333,36,1.9,17,0.9,0.4722,40,2.11,4,0.21,2,0,2,0.11,19,1.0,31,1.64,1125000.0,67,4.19,23.53,12,0.82,5,0.12,8,0.72,35.29,15.0,Centre-Forward,False Nine,27.61261261261261,39.0990990990991,57.229729729729726,28.412054527168223,28.412054527168223,34,0.01602403605408112,0.058823529411764705,26.754862857310496,24
497,premier-league,Wolverhampton Wanderers,Nathan Fraser,21,600000.0,29,2431,26,2,0.07,4,0.15,1.96,0.07,1.96,31,8,24,0.89,31,1.15,171,6.33,37,1.37,6,0.22,1,0.04,207,7.66,116,4.29,73,2.7,2,0.07,4.16,0.15,1435,53.1,1193,44.15,0.8314,9,0.33,1,0.04,1,0.04,1.0,7,0.26,3,0.11,0.4286,8,0.3,2,0.07,5,0,5,0.19,17,0.63,16,0.59,2262000.0,67,4.19,5.88,17,0.63,6,0.22,11,0.41,35.29,17.0,Centre-Forward,Target Man,23.37837837837838,55.00000000000001,47.63513513513513,25.524083933585047,25.524083933585047,38,0.0015022533800701052,0.0,25.479016332182944,25
971,la-liga,Elche CF,André Silva,30,3000000.0,31,2337,27,2,0.08,6,0.23,2.55,0.1,2.55,22,13,35,1.35,17,0.65,29,1.12,6,0.23,19,0.73,0,0.0,194,7.47,73,2.81,4,0.15,4,0.15,7.16,0.28,1691,65.12,1525,58.73,0.9018,35,1.35,53,2.04,16,0.62,0.3019,39,1.5,15,0.58,0.3846,26,1.0,5,0.19,9,0,9,0.35,34,1.31,19,0.73,22620000.0,67,4.19,0.0,12,0.92,6,0.29,8,0.56,33.33,12.0,Centre-Forward,False Nine,31.216216216216218,26.57657657657657,85.56306306306305,36.4318669045981,36.4318669045981,23,0.013520280420630946,0.5294117647058824,25.438023197861526,26
267,premier-league,Crystal Palace,Jean-Philippe Mateta,28,35000000.0,25,1970,23,10,0.46,10,0.46,10.65,0.49,7.85,23,9,11,0.5,6,0.27,42,1.92,5,0.23,7,0.32,0,0.0,247,11.28,95,4.34,56,2.56,0,0.0,0.66,0.03,280,12.79,176,8.04,0.6286,7,0.32,9,0.41,5,0.23,0.5556,32,1.46,13,0.59,0.4061999999999999,34,1.55,16,0.73,2,0,2,0.09,17,0.78,18,0.82,3770000.0,67,4.19,23.53,17,0.82,1,0.08,8,0.5,35.29,4.25,Centre-Forward,Target Man,53.87387387387387,63.783783783783775,13.806306306306308,37.790670332984504,37.790670332984504,19,0.17376064096144217,0.4117647058823529,24.34255698649418,27
266,premier-league,Crystal Palace,Jørgen Strand Larsen,26,45000000.0,29,1937,21,4,0.19,5,0.23,4.89,0.23,3.49,29,5,7,0.33,4,0.19,32,1.49,6,0.28,11,0.51,0,0.0,268,12.46,91,4.23,63,2.93,1,0.05,1.42,0.07,379,17.62,247,11.48,0.6517000000000001,9,0.42,3,0.14,0,0.0,0.0,16,0.74,5,0.23,0.3125,24,1.12,10,0.46,4,0,4,0.19,46,2.14,17,0.79,7163000.0,67,4.19,23.53,23,0.63,2,0.25,11,0.6,35.29,5.0,Centre-Forward,Target Man,42.07207207207208,55.67567567567567,24.414414414414416,36.905997278447124,36.905997278447124,22,0.22383575363044567,0.29411764705882354,24.308571728357283,28
318,premier-league,Brighton & Hove Albion,Georginio Rutter,23,30000000.0,26,1627,19,3,0.17,5,0.28,3.86,0.21,3.86,16,6,29,1.6,10,0.55,25,1.38,1,0.06,14,0.77,0,0.0,244,13.5,98,5.42,17,0.94,2,0.11,3.1,0.17,387,21.41,268,14.82,0.6925,21,1.16,14,0.77,3,0.17,0.2143,55,3.04,22,1.22,0.4,49,2.71,10,0.55,2,0,2,0.11,27,1.49,32,1.77,4455750.0,67,4.19,0.0,15,0.75,1,0.29,11,0.53,13.33,4.25,Centre-Forward,False Nine,42.83783783783784,46.75675675675676,71.64414414414414,30.834169495600687,30.834169495600687,31,0.14872308462694042,0.11764705882352941,24.01953578032189,29
867,la-liga,Rayo Vallecano,Isi Palazón,31,3000000.0,29,2105,25,3,0.13,6,0.26,5.22,0.22,3.12,25,9,28,1.2,3,0.13,21,0.9,5,0.21,22,0.94,0,0.0,252,10.77,114,4.87,20,0.86,3,0.13,4.68,0.2,820,35.06,677,28.95,0.8256,36,1.54,94,4.02,24,1.03,0.2553,42,1.8,20,0.86,0.4761999999999999,39,1.67,5,0.21,9,0,9,0.38,32,1.37,47,2.01,2600000.0,85,4.19,0.0,4,0.78,2,0.2,1,0.12,35.29,7.75,Second Striker,False Nine,32.072072072072075,44.23423423423423,83.17567567567568,35.15279679018607,35.15279679018607,25,0.013520280420630946,0.5882352941176471,22.9824824952142,30
135,premier-league,Tottenham Hotspur,Richarlison,28,28000000.0,27,1567,16,9,0.52,13,0.75,9.46,0.54,9.46,21,7,20,1.15,6,0.34,46,2.64,3,0.17,10,0.57,0,0.0,239,13.73,103,5.92,49,2.81,4,0.23,3.38,0.19,251,14.42,157,9.02,0.6255,16,0.92,16,0.92,0,0.0,0.0,21,1.21,8,0.46,0.381,21,1.21,8,0.46,5,0,5,0.29,18,1.03,29,1.67,5346900.0,67,4.19,10.0,23,0.92,6,0.04,5,0.56,20.0,4.25,Centre-Forward,Target Man,58.828828828828826,80.36036036036036,55.3153153153153,33.90236033773487,33.90236033773487,28,0.1387080620931397,0.4117647058823529,21.50582435729362,31
240,premier-league,Aston Villa,Ollie Watkins,30,30000000.0,31,2392,28,9,0.34,10,0.38,11.74,0.44,11.74,31,9,20,0.75,5,0.19,13,0.49,1,0.04,4,0.15,0,0.0,246,9.26,101,3.8,31,1.17,1,0.04,1.91,0.07,411,15.46,296,11.14,0.7202,17,0.64,6,0.23,2,0.08,0.3333,52,1.96,22,0.83,0.4231,36,1.35,19,0.71,3,0,3,0.11,29,1.09,29,1.09,9802000.0,67,4.19,0.0,12,0.63,6,0.09,11,0.41,35.29,5.0,Centre-Forward,Poacher,46.53153153153152,32.92792792792793,36.12612612612613,34.36332367261798,34.36332367261798,27,0.14872308462694042,0.5294117647058824,19.31339583969212,32
214,premier-league,Nottingham Forest,Igor Jesus,25,22000000.0,31,1900,23,3,0.14,6,0.28,5.91,0.28,5.91,31,8,18,0.85,2,0.09,26,1.23,3,0.14,4,0.19,0,0.0,330,15.62,133,6.3,73,3.46,3,0.14,2.68,0.13,345,16.33,247,11.69,0.7159,11,0.52,8,0.38,2,0.09,0.25,32,1.51,9,0.43,0.2812,35,1.66,10,0.47,0,0,0,0.0,34,1.61,34,1.61,3120000.0,67,4.19,6.67,17,0.75,5,0.22,8,0.53,20.0,4.25,Centre-Forward,Target Man,37.25225225225225,79.54954954954955,40.22522522522522,26.568569583552723,26.568569583552723,37,0.10866299449173761,0.23529411764705882,18.602797395859415,33
707,la-liga,Real Betis Balompié,Cucho Hernández,26,18000000.0,26,2165,25,8,0.33,11,0.46,9.54,0.39,8.84,31,7,24,0.99,9,0.37,23,0.95,3,0.12,8,0.33,0,0.0,240,9.89,106,4.37,29,1.2,3,0.12,3.6,0.15,547,22.55,391,16.12,0.7148,30,1.24,22,0.91,2,0.08,0.0909,41,1.69,21,0.87,0.5122,42,1.73,14,0.58,4,0,4,0.17,21,0.87,32,1.32,5200000.0,67,4.19,0.0,17,0.75,5,0.09,11,0.31,20.0,0.0,Centre-Forward,False Nine,44.0990990990991,43.51351351351352,70.0900900900901,26.68490959825492,26.68490959825492,36,0.0886329494241362,0.29411764705882354,18.14356817435436,34
185,premier-league,Newcastle United,Nick Woltemade,24,65000000.0,28,1682,21,8,0.43,11,0.59,6.64,0.36,5.94,23,6,22,1.18,4,0.21,20,1.07,2,0.11,9,0.48,0,0.0,207,11.08,83,4.44,35,1.87,3,0.16,2.72,0.15,308,16.48,228,12.2,0.7403,14,0.75,3,0.16,0,0.0,0.0,32,1.71,13,0.7,0.4061999999999999,33,1.77,8,0.43,0,0,0,0.0,19,1.02,19,1.02,9990500.0,67,4.19,10.0,17,0.63,2,0.12,11,0.53,13.33,4.25,Centre-Forward,False Nine / Poacher,51.66666666666666,49.14414414414414,55.02252252252252,28.61326995489779,28.61326995489779,33,0.32398597896845266,0.17647058823529413,15.364278821138326,35
970,la-liga,Elche CF,Rafa Mir,28,4000000.0,26,1744,20,8,0.41,8,0.41,10.51,0.54,9.11,22,7,15,0.77,4,0.21,19,0.98,1,0.05,7,0.36,0,0.0,162,8.36,52,2.68,17,0.88,0,0.0,1.21,0.06,408,21.06,329,16.98,0.8064,9,0.46,17,0.88,3,0.15,0.1765,21,1.08,5,0.26,0.2380999999999999,23,1.19,7,0.36,4,0,4,0.21,39,2.01,16,0.83,2600000.0,67,4.19,23.53,6,0.75,1,0.08,11,0.53,20.0,5.0,Centre-Forward,Poacher,53.96396396396396,29.36936936936937,30.78828828828829,24.08196820585884,24.08196820585884,39,0.018527791687531298,0.4117647058823529,15.290840337585841,36
48,premier-league,Arsenal FC,Viktor Gyökeres,27,65000000.0,30,1991,24,12,0.54,12,0.54,10.95,0.49,8.85,12,15,6,0.27,1,0.05,17,0.77,2,0.09,5,0.23,0,0.0,200,9.04,63,2.85,27,1.22,0,0.0,1.11,0.05,282,12.75,168,7.59,0.5957,16,0.72,7,0.32,2,0.09,0.2857,33,1.49,6,0.27,0.1818,22,0.99,3,0.14,5,0,5,0.23,30,1.36,26,1.18,15080000.0,67,4.19,0.0,17,0.72,5,0.09,4,0.6,21.74,4.25,Centre-Forward,Poacher,61.35135135135135,33.6036036036036,26.891891891891888,30.56941116436329,30.56941116436329,32,0.32398597896845266,0.35294117647058826,13.791008265897947,37
816,la-liga,Sevilla FC,Alexis Sánchez,37,1400000.0,31,2208,26,2,0.08,4,0.16,3.98,0.16,3.98,26,10,44,1.79,17,0.69,31,1.26,8,0.33,31,1.26,0,0.0,204,8.32,94,3.83,15,0.61,2,0.08,4.63,0.19,1160,47.28,1003,40.88,0.8647,26,1.06,19,0.77,9,0.37,0.4736999999999999,24,0.98,9,0.37,0.375,28,1.14,0,0.0,5,0,5,0.2,23,0.94,27,1.1,10857600.0,83,4.19,9.52,23,0.4,1,0.26,8,0.41,33.33,5.0,Second Striker,False Nine,31.44144144144144,23.33333333333333,72.77027027027027,31.687871546311957,31.687871546311957,30,0.005508262393590386,0.9411764705882353,12.69909426273954,38
600,la-liga,Atlético de Madrid,Julián Alvarez,26,90000000.0,26,1797,22,3,0.15,4,0.2,3.92,0.2,3.92,33,5,23,1.15,13,0.65,5,0.25,1,0.05,18,0.9,0,0.0,206,10.32,90,4.51,4,0.2,1,0.05,2.71,0.14,619,31.0,499,24.99,0.8061,37,1.85,46,2.3,9,0.45,0.1957,51,2.55,20,1.0,0.3922,36,1.8,2,0.1,3,0,3,0.15,21,1.05,45,2.25,650000.0,67,4.19,10.0,17,0.63,6,0.12,5,0.5,35.29,5.0,Centre-Forward,False Nine,30.31531531531532,24.189189189189182,78.15315315315316,27.39836192954903,27.39836192954903,35,0.44917376064096143,0.29411764705882354,8.040796169143716,39
79,premier-league,Chelsea FC,João Pedro,24,75000000.0,28,2259,26,0,0.0,2,0.08,1.64,0.07,1.64,32,7,53,2.11,19,0.76,80,3.19,9,0.36,35,1.39,0,0.0,212,8.45,105,4.18,18,0.72,2,0.08,4.37,0.17,1183,47.13,871,34.7,0.7363,41,1.63,190,7.57,44,1.75,0.2316,29,1.16,13,0.52,0.4483,11,0.44,1,0.04,7,0,7,0.28,27,1.08,22,0.88,5049850.0,67,4.19,0.0,23,0.92,5,0.2,18,0.72,21.74,0.0,Centre-Forward,False Nine,15.45045045045045,40.90090090090091,78.8963963963964,14.313237565613228,14.313237565613228,40,0.3740610916374562,0.17647058823529413,0.0,40
945,la-liga,Levante UD,José Luis Morales,38,300000.0,29,2568,29,0,0.0,9,0.32,1.54,0.05,1.54,24,9,45,1.58,36,1.26,44,1.54,7,0.25,27,0.95,0,0.0,263,9.22,143,5.01,40,1.4,9,0.32,9.63,0.34,1120,39.25,870,30.49,0.7768,66,2.31,169,5.92,57,2.0,0.3373,34,1.19,18,0.63,0.5294,21,0.74,1,0.04,4,1,5,0.18,26,0.91,42,1.47,1460000.0,67,4.19,0.0,6,0.21,6,0.09,18,0.72,16.67,0.0,Centre-Forward,False Nine,10.180180180180182,42.7927927927928,90.72072072072072,10.928305730415827,10.928305730415827,41,0.0,1.0,0.0,40
657,la-liga,Athletic Bilbao,Urko Izeta,26,1500000.0,30,2095,22,0,0.0,1,0.04,1.42,0.06,1.42,34,8,40,1.72,22,0.94,46,1.98,8,0.34,35,1.5,0,0.0,217,9.32,103,4.42,18,0.77,1,0.04,2.54,0.11,785,33.71,632,27.14,0.8051,12,0.52,10,0.43,2,0.09,0.2,21,0.9,14,0.6,0.6667000000000001,20,0.86,1,0.04,5,0,5,0.21,36,1.55,33,1.42,3650000.0,67,4.19,6.67,15,0.64,2,0.09,13,0.56,13.33,15.0,Centre-Forward,False Nine,10.720720720720722,33.108108108108105,47.27477477477477,0.0,0.0,42,0.006009013520280421,0.29411764705882354,0.0,40
187,premier-league,Newcastle United,William Osula,22,15000000.0,26,2165,25,1,0.04,1,0.04,0.91,0.04,0.91,14,12,30,1.25,15,0.62,105,4.36,5,0.21,5,0.21,0,0.0,187,7.77,108,4.49,59,2.45,0,0.0,4.07,0.17,1790,74.41,1660,69.01,0.9274,8,0.33,9,0.37,4,0.17,0.4443999999999999,8,0.33,5,0.21,0.625,5,0.21,1,0.04,1,0,1,0.04,18,0.75,15,0.62,17342000.0,67,4.19,20.0,5,0.21,1,0.04,4,0.17,20.0,5.0,Centre-Forward,False Nine / Target Man,9.504504504504505,51.17117117117117,51.98198198198197,0.0,0.0,42,0.07361041562343515,0.058823529411764705,0.0,40
629,la-liga,Villarreal CF,Pau Cabanes,21,800000.0,26,2286,26,1,0.04,1,0.04,1.25,0.05,1.25,23,10,32,1.26,27,1.06,100,3.94,11,0.43,12,0.47,0,0.0,160,6.3,93,3.66,54,2.13,0,0.0,4.25,0.17,2341,92.13,2212,87.05,0.9449,5,0.2,0,0.0,0,0.0,0.0,1,0.04,1,0.04,1.0,5,0.2,0,0.0,3,0,3,0.12,22,0.87,7,0.28,5000000.0,67,4.19,10.0,10,0.39,2,0.08,8,0.31,20.0,10.0,Centre-Forward,False Nine,11.936936936936938,44.14414414414415,50.51801801801802,0.0,0.0,42,0.0025037556334501754,0.0,0.0,40
